leftShoulder_x,leftShoulder_y,rightShoulder_x,rightShoulder_y,leftWrist_x,leftWrist_y,rightWrist_x,rightWrist_y,leftHip_x,leftHip_y,rightHip_x,rightHip_y
443.04252449410865,472.5755121866862,119.14107726050206,453.5830586751302,466.03887689309045,504.0832194010417,43.51104736328125,498.2728698730469,397.88377405385506,502.5487772623698,91.98278208247952,488.4844584147135
